Puzzles,Avg_Times,Count of Solutions Found
3,0.49073740000000043,1
7,0.48879089999991265,1
9,0.4635200000000168,1
25,0.4866070000000491,1
29,0.4824070333333263,3
